Zach Manring <Zach.Manring@ey.com>
Steven Eubanks <Steven.Eubanks@ey.com>
Eric Foster <Eric.Foster@ey.com>
Christa Koscinski-Lynch <ChristaKoscinski.Lynch@ey.com>
John M Christiana <John.M.Christiana@ey.com>
Cordell Haney <Cordell.Haney@ey.com>
Chad C Giles <Chad.C.Giles@ey.com>
Cindy C Kim-Spann <Cindy.C.Kim-Spann@ey.com>
Evan J Cannarozzi <Evan.Cannarozzi@ey.com>
Marcos Defensa <Marcos.Defensa@ey.com>
Adam A England <Adam.A.England@ey.com>
Daniel Gosciminski <Daniel.Gosciminski@gds.ey.com>
Andras Szogi <Andras.Szogi@ey.com>
Dylan Mesinger <Dylan.Mesinger@ey.com>
Jeanine P Giampietro <Jeanine.P.Giampietro@ey.com>
Pedro M Infante <Pedro.Infante@ey.com>
James E Zabinski <JAMES.ZABINSKI@ey.com>
Leng Yang <Leng.Yang@ey.com>
Matias Carden <Matias.Carden@ey.com>
Vijaykumar Baskaran <Vijay.Kumar.Baskaran@gds.ey.com>
J Jessy Yazhini <J.Jessy.Yazhini@gds.ey.com>
Vinay A G <Vinay.A.G@gds.ey.com>
Sajan Arputha Yesu Raja <Sajan.Raja@gds.ey.com>
Samuel Carpinteyro <Samuel.Carpinteyro@gds.ey.com>
Bogika G Siriwardana <Gihan.Siriwardana@gds.ey.com>
Przemyslaw Trybus <Przemyslaw.Trybus@gds.ey.com>
Ashish Lamse <Ashish.Lamse@ey.com>
Gagandeep . <Gagandeep.Gagandeep@gds.ey.com>
Shyama Hariharan <Shyama.Hariharan@gds.ey.com>
Manish Aggarwal <Manish.Aggarwal1@gds.ey.com>
Vipin Kumar Sharma <Vipin.Kumar.Sharma@gds.ey.com>
Jutu Venkateswara Rao <Jutu.Rao@gds.ey.com>
Himanshu Gupta <Himanshu.Gupta3@gds.ey.com>
Ninoj Antony <Ninoj.Antony@gds.ey.com>
Anirban Chakraborty <Anirban.Chakraborty7@gds.ey.com>
Hiral Harish Mehta <Hiral.Harish.Mehta@gds.ey.com>
Anumula Ujjwala <Anumula.Ujjwala@gds.ey.com>
Jakub Romaniszyn <Jakub.Romaniszyn@gds.ey.com>
Kingsuk Brahmachari <Kingsuk.Brahmachari@gds.ey.com>
Varadarajan Ayakkad Govindamohan <Varadarajan.G@gds.ey.com>
Hariprasath Prabakaran <Hariprasath.Prabakaran@ey.com>
Gopala K Chaitanya Yadavalli <Gopala.Chaitanya@gds.ey.com>
Tanu Johari <Tanu.Johari@gds.ey.com>
Sanu Ashok <Sanu.Ashok@gds.ey.com>
Luís Oliveira <Luis.Oliveira@pt.ey.com>
Jahul Hasan <Jahul.Hasan@ey.com>
Rahul Ashok Tonge <Rahul.Ashok.Tonge@gds.ey.com>
Alex Reibman <Alex.Reibman@ey.com>
Sivanandhini Chandrasekaran <Sivanandhini.Chandrasekaran@gds.ey.com>
Ananya Kundu <Ananya.Kundu@gds.ey.com>
Ashok Kolla <Ashok.Kolla@gds.ey.com>
Amresh Kumar <Amresh.Kumar1@gds.ey.com>
John Lehrian <John.Lehrian@ey.com>
Gaurav Singh <Gaurav.Singh11@ey.com>
Mariusz Jachymczak <Mariusz.Jachymczak@gds.ey.com>
Premkumar Selvan <Premkumar.Selvan@gds.ey.com>
Parth D Pathak <Parth.D.Pathak@ey.com>
Wojciech Koczur <Wojciech.Koczur@gds.ey.com>
Prathyusha Kottiyal <Prathyusha.Kottiyal@gds.ey.com>
Megha Shettar <Megha.Shettar@gds.ey.com>
Pradeep Godavarthi <Pradeep.Godavarthi@gds.ey.com>
Amy E Quiring <Amy.Quiring@ey.com>
Rahul Victor <Rahul.Victor@gds.ey.com>
Dariusz Gulka <Dariusz.Gulka@gds.ey.com>
William Scheideler <William.R.Scheideler@ey.com>
Sara Vasconcelos <Sara.Vasconcelos@pt.ey.com>
Anchal Gupta <Anchal.Gupta7@gds.ey.com>
Hugo Matos <Hugo.Matos@pt.ey.com>
Sandhya A <Sandhya.A1@gds.ey.com>
Gopika Pulikkot <Gopika.Pulikkot@gds.ey.com>
Wiktor Ruszkiewicz <Wiktor.Ruszkiewicz@gds.ey.com>
Sanam Parvin <Sanam.Parvin@gds.ey.com>
Vinoth Kanna <Vinoth.Kanna.Tharasingh@gds.ey.com>
Abin Thomas <Abin.Thomas@gds.ey.com>
Uday Agarwal <Uday.Agarwal@gds.ey.com>
Cory Wingerter <Cory.Wingerter@ey.com>
Santosh Kumar Puttaswamy <Santosh.Puttaswamy@gds.ey.com>
Madhan Annamalai <Madhan.Annamalai@gds.ey.com>
Keerthishree Krishnamoorthi <Keerthishree.Krishnamoorthi@gds.ey.com>
William Rouse <Will.Rouse@ey.com>
Joseph A Sendelbach <Joseph.SendelbachIII@ey.com>
Amita Shengale <Amita.Shengale@ey.com>
Tiago Mateus Lima <Tiago.Mateus.Lima@pt.ey.com>
Ashish Premraj <Ashish.Premraj@gds.ey.com>
Pavnesh Yadav <Pavnesh.Yadav@ey.com>
Sathya jothi S <Sathya.jothi.S@ey.com>
Sandipan Bar <Sandipan.Bar@gds.ey.com>
FinCrime3.0-QA Team <FinCrime3.0-QATeam@EYGS.onmicrosoft.com>
Praveen Mahadevan <Praveen.Mahadevan@ey.com>
Vinoth A <Vinoth.A@gds.ey.com>
Karthikeyan Ramakrishnan <Karthikeyan.R1@gds.ey.com>
Artur Lipski <Artur.Lipski@gds.ey.com>
Naresh Kagathi <Naresh.Kagathi@gds.ey.com>
Patrícia Batista <Patricia.V.Batista@pt.ey.com>
Bharathiraja Mohan <Bharathiraja.Mohan@gds.ey.com>
Joe X Womack <Joe.Womack@ey.com>
Vidhya Rammohandoss <Vidhya.Rammohandoss@ey.com>
Shraddha Shinde <Shraddha.Shinde1@ey.com>
Brian J Racca <Brian.J.Racca@pt.ey.com>
Tiago Fiuza Lopes <Tiago.Fiuza.Lopes@pt.ey.com>
Neelesh Kanyal <Neelesh.Kanyal@gds.ey.com>
Balinder Singh <Balinder.Singh@ey.com>
Vinod Gopal Velicheti <Vinod.Gopal.Velicheti@gds.ey.com>
Belal Almoualem <Belal.Almoualem@ey.com>
Dominik Palacz <Dominik.Palacz@gds.ey.com>
Tanu Garg <Tanu.Garg@gds.ey.com>
Mike Stefanick <Mike.Stefanick@ey.com>
Dan Rocklein <Dan.Rocklein@ey.com>
Somnath Mukherjee <somnath.mukherjee@ey.com>
Marek Czarnecki <Marek.Czarnecki@gds.ey.com>
Mike Gilmore <Mike.Gilmore@ey.com>
Partha Patra <Partha.Patra@ey.com>
Paul Gilmore <Paul.Gilmore@ey.com>
Peter Seok <Peter.Seok@ey.com>
Rohit Singh <Rohit.Singh3@ey.com>
Watson Garretson <watson.garretson@ey.com>
Yashas Guruprakash <Yashas.Guruprakash@gds.ey.com>
Bhuvaneshwari Manogharan <Bhuvaneshwari.M3@gds.ey.com>
Gauri Jadhav <Gauri.Jadhav1@in.ey.com>
Ian Robinson <Ian.Robinson@ey.com>
Anil Kumar Kandacharam <Anil.Kandacharam@gds.ey.com>
Eliana Godoy <Eliana.Godoy@gds.ey.com>
Sukumar Pant <sukumar.pant@ey.com>
Binit Malla <Binit.Malla@ey.com>
Rahul Gupta <Rahul.Gupta23@gds.ey.com>
Gauri Nandkishor Jadhav <Gauri.Nandkishor.Jadhav@gds.ey.com>
Mohammed Makda <Mohammed.Makda@ey.com>
Dibyashri Dhal <Dibyashri.Dhal@gds.ey.com>
Hope Barkley <Hope.Barkley@ey.com>
Kanchan Kushwaha <Kanchan.Kushwaha@gds.ey.com>
Jose F Lopez <Jose.Lopez5@gds.ey.com>
Flavy M Tonfack <Flavy.Tonfack@ey.com>
Emily Chen <Emily.Chen@ey.com>
Donamarie Schettino <Donamarie.Schettino@ey.com>
Sumit Roy <Sumit.Roy2@ey.com>
Deepak K Padhy <Deepak.Padhy@gds.ey.com>
Ani Banerjee <Aniruddha.Banerjee@ey.com>
Rony Roychoudhury <Rony.Roychoudhury@ey.com>
Anurag Gupta <Anurag.Gupta1@ey.com>
Jim Gemmell <Jim.Gemmell@ey.com>
Ryan Bertani <Ryan.Bertani@ey.com>
Jojo Dutta Roy <Soumojyoti.DuttaRoy@ey.com>
Ashir Kuniyil <Ashir.Kuniyil@ey.com>
Mikra Walekova <MWalekova@uk.ey.com>
Ayan Sanyal <Ayan.Sanyal@gds.ey.com>
Naveen Varma D P <Naveen.Varma.D.P@gds.ey.com>
Vineet K Singh <Vineet.K.Singh@ey.com>
Bryan A Olson <Bryan.A.Olson@ey.com>
EY_Global_Nexus_CoreUtility.GID <EY_Global_Nexus_CoreUtility.GID@ey.net>
EY_Global_Nexus_Wealth.GID <EY_Global_Nexus_Wealth.GID@ey.net>
EY_Global_Nexus_Insurance.GID <EY_Global_Nexus_Insurance.GID@ey.net>
EY_Global_Nexus_Core_Platform.GID@ey.net <EY_Global_Nexus_Core_Platform.GID@ey.net>
Ryan D Battles <Ryan.Battles@ey.com>
David J Deane <David.Deane@ey.com>
Seth Flory <Seth.Flory@ey.com>
Kumar Singaraju <Kumar.Singaraju@gds.ey.com>
Trent Mayberry <Trent.Mayberry@ey.com>
Robert K Reveal <Robert.Reveal@ey.com>
Sandeep Kumar <Sandeep.Kumar17@ey.com>
Kathleen M Calabro <Kathleen.Calabro@ey.com>
Mick Smothers <Mick.Smothers@ey.com>
Guy Dryden <Guy.Dryden@ey.com>
Justin Leibow <Justin.Leibow@ey.com>
Gino Pelliccia <Gino.Pelliccia@uk.ey.com>
Devnath Dpk <Devnath.Dpk@gds.ey.com>
Faruk Muhammad <Faruk.Muhammad@ey.com>
Ilaiyaraja S <Ilaiyaraja.S@gds.ey.com>
Aishwarya Kozhisherry <Aishwarya.K3@gds.ey.com>
Arun Moorthy <Arun.Moorthy2@uk.ey.com>
Katherine Dushenko <Katherine.Dushenko@ey.com>
Dan Rocklein <Dan.Rocklein@ey.com>
Dan Friedman <dan.friedman@au.ey.com>
Meera Soman <Meera.Soman@gds.ey.com>
Marcelo A Fernandez <Marcelo.A.Fernandez@gds.ey.com>
Gisella R La Colla <Gisella.R.La.Colla@gds.ey.com>
Hashmi Eugine Manuveliparambil <Hashmi.Manuveliparambil@ca.ey.com>
Noriko Yoshino <Noriko.Yoshino@de.ey.com>
Mark Luquire <Mark.Luquire@ey.com>
Serge Mattu <Serge.Mattu@ca.ey.com>
Martin Nicolas Ausilio <Martin.Nicolas.Ausilio@es.ey.com>
Dan Dickens <Dan.Dickens@ey.com>
Jonas Sorrentino <Jonas.Sorrentino@gds.ey.com>
Samuel T Bennis <Samuel.T.Bennis@ey.com>
Jean-Philippe Larochelle <JeanPhilippe.Larochelle@ey.com>
EY_Global-Nexus for Risk Leadership <GLMS37011524@ey.net>
EY_Global-Nexus for Risk team <GLMS29626696@ey.net>
Dawn Nash <Dawn.Nash@ey.com>
Shashi N Mulay <Shashi.Mulay@ey.com>
Rakesh Kamath <Rakesh.Kamath@in.ey.com>
Mert Sezgen <Mert.Sezgen@ey.com>
Ashton Harris <Ashton.Harris@ey.com>
Tiago J Casinhas <Tiago.J.Casinhas@pt.ey.com>
Pedro Belo <Pedro.Belo1@pt.ey.com>
Gonzalo Rodriguez <Gonzalo.Rodriguez@gds.ey.com>
Jeffrey Piazza <Jeffrey.Piazza@ey.com>
Nicholas Profita <Nicholas.Profita@ey.com>
Gary Klein <Gary.Klein@ey.com>
Nate Hanafy <Nate.Hanafy@ey.com>
Chuck Peirano <Charles.J.Peirano@ey.com>
Julianne Vellante <Julianne.Grillo@ey.com>
David A Connolly <David.Connolly@ey.com>
David Passarelli <David.Passarelli@ey.com>
Chad Vuckovich <Chad.Vuckovich@ey.com>
Chadwick Shao <Chadwick.Shao@ey.com>
Andrea L Boone <Andrea.Boone@ey.com>
Shashi N Mulay <Shashi.Mulay@ey.com>
Dinesh Achuthan <Dinesh.Achuthan@ey.com>
Ashwin Gadre <Ashwin.Gadre@ey.com>
Ranjit Palkar <Ranjit.Palkar@ey.com>
Eric Disend <Eric.Disend@ey.com>
Karthik Ravindra <Karthik.Ravindra@ey.com>
Dan L Speca <Dan.Speca@ey.com>
